<?xml version="1.0" encoding="UTF-8"?>
<beans xmlns="http://www.springframework.org/schema/beans"
       xmlns:xsi="http://www.w3.org/2001/XMLSchema-instance"
       xmlns:context="http://www.springframework.org/schema/context"
       xmlns:mvc="http://www.springframework.org/schema/mvc"
       xmlns:tx="http://www.springframework.org/schema/tx"
       xsi:schemaLocation="http://www.springframework.org/schema/beans
            http://www.springframework.org/schema/beans/spring-beans-3.0.xsd
            http://www.springframework.org/schema/context
            http://www.springframework.org/schema/context/spring-context-3.0.xsd
            http://www.springframework.org/schema/mvc
            http://www.springframework.org/schema/mvc/spring-mvc-3.0.xsd
            http://www.springframework.org/schema/tx
            http://www.springframework.org/schema/tx/spring-tx.xsd">

    <bean id="dataSource" class="org.springframework.jdbc.datasource.DriverManagerDataSource">
        <property name="driverClassName" value="com.mysql.cj.jdbc.Driver"/>
        <property name="url" value="jdbc:mysql://localhost/store_db?serverTimezone=UTC"/>
        <property name="username" value="admin"/>
        <property name="password" value="admin"/>
    </bean>

    <bean id="sessionFactory"
          class="org.springframework.orm.hibernate5.LocalSessionFactoryBean">
        <property name="dataSource" ref="dataSource"/>
        <property name="configLocation" value="classpath:hibernate.cfg.xml"/>
    </bean>

    <tx:annotation-driven/>
    <bean id="transactionManager"
          class="org.springframework.orm.hibernate5.HibernateTransactionManager">
        <property name="sessionFactory" ref="sessionFactory"/>
    </bean>

    <bean id="swagger2Config"
          class="springfox.documentation.swagger2.configuration.Swagger2DocumentationConfiguration">
    </bean>

    <mvc:resources order="1" location="/resources/" mapping="/resources/**" />
    <mvc:resources mapping="swagger-ui.html" location="classpath:/META-INF/resources/" />
    <mvc:resources mapping="/webjars/**" location="classpath:/META-INF/resources/webjars/" />
    <mvc:annotation-driven/>

    <context:component-scan base-package="controller,util,service,dao"/>
</beans>