<hibernate-configuration>
    <session-factory>
        <property name="hibernate.connection.driver_class">com.mysql.cj.jdbc.Driver</property>
        <property name="hibernate.connection.password">admin</property>
        <property name="hibernate.connection.url">jdbc:mysql://localhost/store_db?serverTimezone=UTC</property>
        <property name="hibernate.connection.username">admin</property>
        <property name="hibernate.dialect">org.hibernate.dialect.MySQLDialect</property>

        <mapping class="dao.model.cart.CartItem"/>
        <mapping class="dao.model.comment.BaseComment"/>
        <mapping class="dao.model.comment.OrderComment"/>
        <mapping class="dao.model.comment.ProductComment"/>
        <mapping class="dao.model.favorite.FavoriteProduct"/>
        <mapping class="dao.model.order.Order"/>
        <mapping class="dao.model.order.OrderItem"/>
        <mapping class="dao.model.order.OrderStatus"/>
        <mapping class="dao.model.order.Status"/>
        <mapping class="dao.model.product.Product"/>
        <mapping class="dao.model.product.ProductCategory"/>
        <mapping class="dao.model.user.User"/>
        <mapping class="dao.model.user.UserCredential"/>
        <mapping class="dao.model.PickupPoint"/>

    </session-factory>
</hibernate-configuration>
